selected_k,test_accuracy,test_precision,test_recall,test_f1
1,0.3778666666666667,0.4128911322210082,0.3778666666666667,0.3760858393067807
