k,accuracy,precision,recall,f1
1,0.378,0.41350264612950616,0.37799999999999995,0.37555212237776703
7,0.3699,0.4434319794406002,0.3699,0.3631369231463858
15,0.3695,0.45224613464553504,0.36950000000000005,0.3592227143769424
11,0.3692,0.443901465658515,0.36920000000000003,0.3602541981724364
9,0.369,0.44225005704550924,0.36899999999999994,0.3596033092753296
5,0.3671,0.42840756734625635,0.36710000000000004,0.35986620580046524
3,0.3572,0.4330210434491163,0.3572,0.3516764284007927
